{
    "host": "localhost",
    "port": 3306,
    "username": "shamela_user",
    "password": "password123",
    "database": "shamela_books",
    "charset": "utf8mb4",
    "autocommit": true,
    "notes": {
        "setup_instructions": [
            "قم بتثبيت MySQL Server أولاً",
            "أنشئ قاعدة بيانات جديدة",
            "أنشئ مستخدم جديد مع صلاحيات كاملة",
            "عدّل الإعدادات أعلاه حسب نظامك"
        ],
        "example_mysql_commands": [
            "CREATE DATABASE shamela_books;",
            "CREATE USER 'shamela_user'@'localhost' IDENTIFIED BY 'password123';",
            "GRANT ALL PRIVILEGES ON shamela_books.* TO 'shamela_user'@'localhost';",
            "FLUSH PRIVILEGES;"
        ]
    }
}
